lap_id,start_idx,end_idx,n_samples,closure_m,smooth_std_heading,length_m,score
1.0,0.0,97.0,98.0,0.04902157346815461,0.3236787767665199,6.227984012995804,0.47074349717098374
