lap_id,start_idx,end_idx,n_samples,closure_m,smooth_std_heading,length_m,score
1.0,0.0,85.0,86.0,0.923608607618465,0.19942315227963406,10.961133983903038,2.970248975135029
