a,b,n,length,closure,smooth,score
0,216,217,9.684415068551774,0.42329572813037303,1.1024367452163142,2.426012230978469
216,368,153,4.48730053177731,0.03803791762836682,0.5188048762877082,0.6831726185372625
